post_index,comment_imbalance,participation_rate_A,participation_rate_B,participation_gap,mean_confidence_A,mean_confidence_B,mean_willingness_A,mean_willingness_B,conformity_rate,silence_streak_mean,silence_streak_max,silence_streak_pct_ge_5,cascade_flag
1,0.25,0.43,0.37,0.06,0.5036017025655967,0.4969457585524833,0.5077000598950935,0.49340389840271875,0.0875,0.6,1,0.0,0
2,0.1351351351351351,0.36,0.38,-0.020000000000000018,0.5062750125280382,0.49465934316531196,0.5123760777450432,0.4890462656026016,0.08108108108108109,1.025,2,0.0,0
3,0.15555555555555545,0.41,0.49,-0.08000000000000002,0.5085346024033427,0.49270514682739486,0.5171422627102268,0.48484854812962835,0.12222222222222222,1.175,3,0.0,0
4,0.16049382716049387,0.42,0.39,0.02999999999999997,0.5121940323397406,0.48923143294926014,0.5269511786425488,0.4763329329103571,0.06172839506172839,1.345,4,0.0,0
5,0.31914893617021267,0.51,0.43,0.08000000000000002,0.51572615083554,0.48605070174149667,0.534027532308536,0.4701396697828375,0.11702127659574468,1.355,5,0.11,1
6,0.33333333333333326,0.47,0.31,0.15999999999999998,0.5209431385824163,0.48136578296462385,0.5471846813687602,0.4587245705411656,0.0641025641025641,1.475,6,0.085,1
7,0.17333333333333334,0.37,0.38,-0.010000000000000009,0.5225755981143716,0.4801446918898996,0.5460319940019238,0.45952797883622465,0.10666666666666667,1.58,7,0.09,0
8,0.23456790123456783,0.41,0.4,0.009999999999999953,0.5265785564956461,0.4760813652574917,0.559134349821541,0.4477141048692452,0.1111111111111111,1.56,8,0.1,0
9,0.19565217391304346,0.48,0.44,0.03999999999999998,0.5315677423589628,0.4716617600612999,0.5695917670587444,0.4385720099177955,0.07608695652173914,1.59,9,0.12,0
10,0.348314606741573,0.52,0.37,0.15000000000000002,0.5368433983080692,0.4670315830829028,0.580876094850275,0.42857521627480466,0.0898876404494382,1.5,10,0.095,1
11,0.23076923076923084,0.51,0.4,0.10999999999999999,0.542168377352136,0.4621419753012466,0.5926905943083478,0.41808164781660595,0.054945054945054944,1.545,11,0.105,0
12,0.19047619047619047,0.5,0.34,0.15999999999999998,0.5455438471795225,0.4591440773897304,0.5976377035012029,0.41345938236336827,0.0,1.585,12,0.115,0
13,0.26582278481012667,0.46,0.33,0.13,0.5495252346141645,0.4555018320764461,0.6078395885001026,0.4044930465770942,0.05063291139240506,1.645,13,0.085,0
14,0.3846153846153846,0.49,0.29,0.2,0.5541214967192498,0.45142896981419595,0.6180885406513997,0.3955768962103875,0.0641025641025641,1.545,12,0.07,1
15,0.30666666666666664,0.44,0.31,0.13,0.5588762986085093,0.4471250075955087,0.6281585192515199,0.3860280518501857,0.06666666666666667,1.665,11,0.1,1
16,0.34090909090909083,0.52,0.36,0.16000000000000003,0.5633951464744633,0.44303760196957875,0.6375533095746484,0.3777776675253501,0.07954545454545454,1.58,12,0.11,1
17,0.20512820512820507,0.41,0.37,0.03999999999999998,0.566510102397647,0.4403723686205005,0.6428399704243682,0.3733922412247144,0.07692307692307693,1.695,13,0.12,0
18,0.11904761904761907,0.41,0.43,-0.020000000000000018,0.5662813887946031,0.4407465469800762,0.6387871803436846,0.37666933230385347,0.047619047619047616,1.755,14,0.125,0
19,0.36363636363636354,0.5,0.38,0.12,0.5694042456853797,0.43758238357023216,0.650676859015925,0.36613695206700725,0.11363636363636363,1.71,15,0.13,1
20,0.28735632183908044,0.51,0.36,0.15000000000000002,0.5737597028223869,0.43371816745925007,0.6597788740826824,0.35809224879010115,0.05747126436781609,1.66,16,0.1,0
21,0.5068493150684932,0.5,0.23,0.27,0.5789384929840073,0.4288006445775217,0.6718655000913621,0.34699014040231435,0.0684931506849315,1.715,11,0.11,1
22,0.37349397590361444,0.5,0.33,0.16999999999999998,0.584880773526566,0.42325832049875883,0.6852729041306327,0.3350964753764882,0.08433734939759036,1.645,12,0.1,1
23,0.26436781609195403,0.5,0.37,0.13,0.5902595992245103,0.41831564529677373,0.69597071277145,0.3256923466696925,0.05747126436781609,1.655,12,0.11,0
24,0.3999999999999999,0.47,0.23,0.23999999999999996,0.5952215669205175,0.4137621613571147,0.7067145748133364,0.3164722981436869,0.02857142857142857,1.82,13,0.12,1
25,0.32499999999999996,0.5,0.3,0.2,0.5995073991908918,0.4099124189370954,0.7151928002895324,0.3090543466830056,0.0375,1.975,14,0.145,1
26,0.3846153846153846,0.53,0.38,0.15000000000000002,0.6033836229354431,0.40628833524216046,0.7233139077852988,0.3015069594884171,0.10989010989010989,1.88,15,0.125,1
27,0.19480519480519476,0.42,0.35,0.07,0.6059952331405719,0.4039117310314808,0.7272836846796126,0.29777621527588427,0.05194805194805195,1.94,16,0.14,0
28,0.47126436781609193,0.52,0.35,0.17000000000000004,0.6102805593535667,0.3997557627156453,0.7390085764267528,0.28729629643757515,0.13793103448275862,1.78,17,0.105,1
29,0.24137931034482762,0.51,0.36,0.15000000000000002,0.6151399309191201,0.3953558793143245,0.74981490769335,0.27817620248530284,0.034482758620689655,1.755,18,0.105,0
30,0.4022988505747127,0.54,0.33,0.21000000000000002,0.6188680797584711,0.3921627778810255,0.7560051781127762,0.2724149104993052,0.10344827586206896,1.745,19,0.105,1
31,0.3737373737373737,0.66,0.33,0.33,0.6230151940857245,0.3883582212092137,0.7656363029296154,0.26385034608925917,0.020202020202020204,1.74,20,0.12,1
32,0.4025974025974026,0.52,0.25,0.27,0.6265312833666433,0.3853727390329413,0.7715531317676073,0.2585605149508144,0.025974025974025976,2.03,21,0.125,1
33,0.26027397260273966,0.45,0.28,0.16999999999999998,0.6287394115990621,0.3833032368684023,0.7751550652614243,0.255472597583501,0.0136986301369863,2.05,22,0.105,0
34,0.41025641025641035,0.48,0.3,0.18,0.6344493473985725,0.3781940778888848,0.7896089422222298,0.2432406492515791,0.08974358974358974,1.885,23,0.095,1
35,0.39473684210526305,0.51,0.25,0.26,0.63995592484224,0.37352783982594245,0.7979004078595922,0.23623665290749646,0.02631578947368421,2.145,24,0.155,1
36,0.3571428571428572,0.53,0.31,0.22000000000000003,0.6442884137623313,0.36981774050184635,0.8044618883341143,0.23083729690567228,0.047619047619047616,2.135,25,0.175,1
37,0.29268292682926833,0.53,0.29,0.24000000000000005,0.6478604111719066,0.36682443321812364,0.8094270603662227,0.22679778195047168,0.0,2.065,26,0.15,0
38,0.4382022471910112,0.59,0.3,0.29,0.6522733359937334,0.3627071428370679,0.8167500076457225,0.22054105487238945,0.056179775280898875,1.895,27,0.13,1
39,0.3763440860215055,0.62,0.31,0.31,0.6553118317814466,0.36009833227978005,0.8199239583195237,0.21770998886476073,0.021505376344086023,1.88,28,0.135,1
40,0.5294117647058822,0.57,0.28,0.2899999999999999,0.6591774722957234,0.3564943357415963,0.8258340554747068,0.21226864375087445,0.09411764705882353,2.04,29,0.125,1
